{
    "sidebar-1": {
        "search-2": {
            "title": ""
        }
        , "squiggle_top_posts-1": {
            "title": "Top Posts"
            , "post_to_show": "5"
            , "cat_to_show": "5"
        }
        , "tag_cloud-2": {
            "title": ""
            , "count": 0
            , "taxonomy": "post_tag"
        }
        , "text-2": {
            "title": "Advertisment"
            , "text": "<img src=\"https:\/\/portfolio.foreigncodes.com\/wp-content\/uploads\/2018\/01\/blog-ad-300x250.jpg\" \/>"
            , "filter": true
            , "visual": true
        }
    }
    , "sidebar-2": {
        "squiggle_categories-1": {
            "title_tw": "Top Categories"
            , "exclude": ""
        }
    }
    , "sidebar-3": {
        "squiggle_top_posts-2": {
            "title": "Top Posts"
            , "post_to_show": "5"
            , "cat_to_show": "29"
        }
    }
    , "sidebar-4": {
        "squiggle_fresh_post-1": {
            "title": "Fresh Posts"
            , "post_to_show": "5"
            , "cat_to_show": "29"
        }
    }
}